{
  "project_info": {
    "project_number": "806391529319",
    "firebase_url": "https://a2-e6baf.firebaseio.com",
    "project_id": "a2-e6baf",
    "storage_bucket": "a2-e6baf.appspot.com"
  },
  "client": [
    {
      "client_info": {
        "mobilesdk_app_id": "1:806391529319:android:6dc91e9b8cd0e7d1",
        "android_client_info": {
          "package_name": "com.example.acme.a3130assignment3"
        }
      },
      "oauth_client": [
        {
          "client_id": "806391529319-sit0iuc07u4b48n10j03g70u4htneeqc.apps.googleusercontent.com",
          "client_type": 1,
          "android_info": {
            "package_name": "com.example.acme.a3130assignment3",
            "certificate_hash": "feba5c98e22e728edc9e03a1dad556c65755e7d6"
          }
        },
        {
          "client_id": "806391529319-tdg6hqp02ltmjujfookpsh08paf9pse5.apps.googleusercontent.com",
          "client_type": 3
        }
      ],
      "api_key": [
        {
          "current_key": "AIzaSyDpuq758qzruzE-_8WTb12f8Ya66LxZ0sQ"
        }
      ],
      "services": {
        "analytics_service": {
          "status": 1
        },
        "appinvite_service": {
          "status": 2,
          "other_platform_oauth_client": [
            {
              "client_id": "806391529319-tdg6hqp02ltmjujfookpsh08paf9pse5.apps.googleusercontent.com",
              "client_type": 3
            }
          ]
        },
        "ads_service": {
          "status": 2
        }
      }
    }
  ],
  "configuration_version": "1"
}